{
  "Sign up for Newsletter " : {
    "transaction" : "Sign up for Newsletter ",
    "sampleCount" : 120,
    "errorCount" : 9,
    "errorPct" : 7.5,
    "meanResTime" : 2499.2500000000005,
    "medianResTime" : 2752.5,
    "minResTime" : 312.0,
    "maxResTime" : 4126.0,
    "pct1ResTime" : 3887.8,
    "pct2ResTime" : 4003.2,
    "pct3ResTime" : 4117.599999999999,
    "throughput" : 6.677424739858661,
    "receivedKBytesPerSec" : 1.868570370318847,
    "sentKBytesPerSec" : 0.8281571698848145
  },
  "Teens make health happen" : {
    "transaction" : "Teens make health happen",
    "sampleCount" : 120,
    "errorCount" : 68,
    "errorPct" : 56.666668,
    "meanResTime" : 1942.8166666666666,
    "medianResTime" : 356.5,
    "minResTime" : 298.0,
    "maxResTime" : 4430.0,
    "pct1ResTime" : 4190.5,
    "pct2ResTime" : 4274.849999999999,
    "pct3ResTime" : 4415.929999999999,
    "throughput" : 11.519631371796104,
    "receivedKBytesPerSec" : 3.387266607468561,
    "sentKBytesPerSec" : 1.372456081405395
  },
  "HealthCorps Financials " : {
    "transaction" : "HealthCorps Financials ",
    "sampleCount" : 120,
    "errorCount" : 67,
    "errorPct" : 55.833332,
    "meanResTime" : 1923.0749999999996,
    "medianResTime" : 366.0,
    "minResTime" : 303.0,
    "maxResTime" : 4357.0,
    "pct1ResTime" : 4076.8,
    "pct2ResTime" : 4195.75,
    "pct3ResTime" : 4354.0599999999995,
    "throughput" : 9.436929852154766,
    "receivedKBytesPerSec" : 2.8329221060081786,
    "sentKBytesPerSec" : 1.2625579977980497
  },
  "Total" : {
    "transaction" : "Total",
    "sampleCount" : 960,
    "errorCount" : 297,
    "errorPct" : 30.9375,
    "meanResTime" : 2940.207291666668,
    "medianResTime" : 3680.5,
    "minResTime" : 296.0,
    "maxResTime" : 10523.0,
    "pct1ResTime" : 5149.499999999998,
    "pct2ResTime" : 6938.749999999998,
    "pct3ResTime" : 8333.72,
    "throughput" : 33.647611370088676,
    "receivedKBytesPerSec" : 9.772744449020363,
    "sentKBytesPerSec" : 4.3538169009147945
  },
  "HealthCorps Resources" : {
    "transaction" : "HealthCorps Resources",
    "sampleCount" : 120,
    "errorCount" : 42,
    "errorPct" : 35.0,
    "meanResTime" : 2479.025,
    "medianResTime" : 3452.5,
    "minResTime" : 296.0,
    "maxResTime" : 4231.0,
    "pct1ResTime" : 4010.9,
    "pct2ResTime" : 4102.3,
    "pct3ResTime" : 4218.4,
    "throughput" : 6.32211158526948,
    "receivedKBytesPerSec" : 1.8629855184131499,
    "sentKBytesPerSec" : 0.8396554449186028
  },
  "living labs" : {
    "transaction" : "living labs",
    "sampleCount" : 120,
    "errorCount" : 49,
    "errorPct" : 40.833332,
    "meanResTime" : 2463.8416666666662,
    "medianResTime" : 3725.5,
    "minResTime" : 303.0,
    "maxResTime" : 4374.0,
    "pct1ResTime" : 4105.8,
    "pct2ResTime" : 4164.65,
    "pct3ResTime" : 4364.549999999999,
    "throughput" : 7.395538025391347,
    "receivedKBytesPerSec" : 2.2752955326328115,
    "sentKBytesPerSec" : 1.1266639960557132
  },
  "Show Program Plans" : {
    "transaction" : "Show Program Plans",
    "sampleCount" : 120,
    "errorCount" : 38,
    "errorPct" : 31.666666,
    "meanResTime" : 2911.7916666666665,
    "medianResTime" : 3972.0,
    "minResTime" : 306.0,
    "maxResTime" : 4595.0,
    "pct1ResTime" : 4303.9,
    "pct2ResTime" : 4337.7,
    "pct3ResTime" : 4552.789999999998,
    "throughput" : 14.366096013408356,
    "receivedKBytesPerSec" : 4.23126421644918,
    "sentKBytesPerSec" : 1.9220265174188915
  },
  "Show Donate Now" : {
    "transaction" : "Show Donate Now",
    "sampleCount" : 120,
    "errorCount" : 21,
    "errorPct" : 17.5,
    "meanResTime" : 2763.0583333333343,
    "medianResTime" : 3495.0,
    "minResTime" : 302.0,
    "maxResTime" : 4191.0,
    "pct1ResTime" : 4050.3,
    "pct2ResTime" : 4137.0,
    "pct3ResTime" : 4187.01,
    "throughput" : 6.109046479661966,
    "receivedKBytesPerSec" : 1.7347245997301837,
    "sentKBytesPerSec" : 0.7636308099577457
  },
  "HealthCorps Home page" : {
    "transaction" : "HealthCorps Home page",
    "sampleCount" : 120,
    "errorCount" : 3,
    "errorPct" : 2.5,
    "meanResTime" : 6538.799999999998,
    "medianResTime" : 6506.0,
    "minResTime" : 4299.0,
    "maxResTime" : 10523.0,
    "pct1ResTime" : 8189.700000000001,
    "pct2ResTime" : 8700.249999999998,
    "pct3ResTime" : 10473.859999999999,
    "throughput" : 10.814708002883922,
    "receivedKBytesPerSec" : 2.9053966519466474,
    "sentKBytesPerSec" : 1.2356648792357605
  }
}