{
  "Sign up for Newsletter " : {
    "transaction" : "Sign up for Newsletter ",
    "sampleCount" : 200,
    "errorCount" : 88,
    "errorPct" : 44.0,
    "meanResTime" : 1596.5200000000004,
    "medianResTime" : 843.0,
    "minResTime" : 303.0,
    "maxResTime" : 4193.0,
    "pct1ResTime" : 3860.3,
    "pct2ResTime" : 4051.4499999999994,
    "pct3ResTime" : 4176.83,
    "throughput" : 10.87311079699902,
    "receivedKBytesPerSec" : 3.174438675655105,
    "sentKBytesPerSec" : 1.3485205773621833
  },
  "Teens make health happen" : {
    "transaction" : "Teens make health happen",
    "sampleCount" : 200,
    "errorCount" : 162,
    "errorPct" : 81.0,
    "meanResTime" : 1099.5149999999999,
    "medianResTime" : 403.0,
    "minResTime" : 297.0,
    "maxResTime" : 4889.0,
    "pct1ResTime" : 4068.7000000000003,
    "pct2ResTime" : 4151.9,
    "pct3ResTime" : 4740.200000000002,
    "throughput" : 16.65833749791771,
    "receivedKBytesPerSec" : 5.052649456521739,
    "sentKBytesPerSec" : 1.9846847409628519
  },
  "HealthCorps Financials " : {
    "transaction" : "HealthCorps Financials ",
    "sampleCount" : 200,
    "errorCount" : 150,
    "errorPct" : 75.0,
    "meanResTime" : 1225.8500000000001,
    "medianResTime" : 363.5,
    "minResTime" : 292.0,
    "maxResTime" : 4381.0,
    "pct1ResTime" : 3933.5,
    "pct2ResTime" : 4059.7,
    "pct3ResTime" : 4257.67,
    "throughput" : 14.702639123722708,
    "receivedKBytesPerSec" : 4.479710358009263,
    "sentKBytesPerSec" : 1.9670523046386827
  },
  "Total" : {
    "transaction" : "Total",
    "sampleCount" : 1600,
    "errorCount" : 961,
    "errorPct" : 60.0625,
    "meanResTime" : 2087.394374999999,
    "medianResTime" : 450.0,
    "minResTime" : 292.0,
    "maxResTime" : 9998.0,
    "pct1ResTime" : 5341.6,
    "pct2ResTime" : 6545.249999999997,
    "pct3ResTime" : 8512.95,
    "throughput" : 58.215689128220056,
    "receivedKBytesPerSec" : 17.382769861555815,
    "sentKBytesPerSec" : 7.532791806141755
  },
  "HealthCorps Resources" : {
    "transaction" : "HealthCorps Resources",
    "sampleCount" : 200,
    "errorCount" : 115,
    "errorPct" : 57.5,
    "meanResTime" : 1605.2299999999998,
    "medianResTime" : 374.0,
    "minResTime" : 303.0,
    "maxResTime" : 4376.0,
    "pct1ResTime" : 3915.9,
    "pct2ResTime" : 4089.7,
    "pct3ResTime" : 4277.67,
    "throughput" : 11.374623215605983,
    "receivedKBytesPerSec" : 3.4143308700164936,
    "sentKBytesPerSec" : 1.5106921458226699
  },
  "living labs" : {
    "transaction" : "living labs",
    "sampleCount" : 200,
    "errorCount" : 133,
    "errorPct" : 66.5,
    "meanResTime" : 1414.8149999999998,
    "medianResTime" : 354.0,
    "minResTime" : 303.0,
    "maxResTime" : 4324.0,
    "pct1ResTime" : 3831.7000000000003,
    "pct2ResTime" : 3943.2,
    "pct3ResTime" : 4277.150000000001,
    "throughput" : 12.765685836471565,
    "receivedKBytesPerSec" : 3.9434624728729175,
    "sentKBytesPerSec" : 1.944772451649965
  },
  "Show Program Plans" : {
    "transaction" : "Show Program Plans",
    "sampleCount" : 200,
    "errorCount" : 151,
    "errorPct" : 75.5,
    "meanResTime" : 1782.7250000000001,
    "medianResTime" : 1164.0,
    "minResTime" : 304.0,
    "maxResTime" : 5357.0,
    "pct1ResTime" : 5075.5,
    "pct2ResTime" : 5202.45,
    "pct3ResTime" : 5350.81,
    "throughput" : 20.650490449148165,
    "receivedKBytesPerSec" : 6.294366288074341,
    "sentKBytesPerSec" : 2.762809757356737
  },
  "Show Donate Now" : {
    "transaction" : "Show Donate Now",
    "sampleCount" : 200,
    "errorCount" : 108,
    "errorPct" : 54.0,
    "meanResTime" : 1520.3350000000003,
    "medianResTime" : 406.0,
    "minResTime" : 307.0,
    "maxResTime" : 4274.0,
    "pct1ResTime" : 3819.4,
    "pct2ResTime" : 3987.0,
    "pct3ResTime" : 4204.8200000000015,
    "throughput" : 11.085245538188671,
    "receivedKBytesPerSec" : 3.2781582557366145,
    "sentKBytesPerSec" : 1.3856556922735837
  },
  "HealthCorps Home page" : {
    "transaction" : "HealthCorps Home page",
    "sampleCount" : 200,
    "errorCount" : 54,
    "errorPct" : 27.0,
    "meanResTime" : 6454.165000000001,
    "medianResTime" : 6163.5,
    "minResTime" : 4330.0,
    "maxResTime" : 9998.0,
    "pct1ResTime" : 8292.7,
    "pct2ResTime" : 8875.55,
    "pct3ResTime" : 9903.890000000001,
    "throughput" : 18.39249586168843,
    "receivedKBytesPerSec" : 5.1348112470112195,
    "sentKBytesPerSec" : 2.1014863435718225
  }
}