{
  "Sign up for Newsletter " : {
    "transaction" : "Sign up for Newsletter ",
    "sampleCount" : 100,
    "errorCount" : 0,
    "errorPct" : 0.0,
    "meanResTime" : 3550.669999999999,
    "medianResTime" : 3592.0,
    "minResTime" : 2530.0,
    "maxResTime" : 3934.0,
    "pct1ResTime" : 3779.8,
    "pct2ResTime" : 3872.8,
    "pct3ResTime" : 3933.81,
    "throughput" : 14.076576576576576,
    "receivedKBytesPerSec" : 3.90405053490991,
    "sentKBytesPerSec" : 1.745825415259009
  },
  "Teens make health happen" : {
    "transaction" : "Teens make health happen",
    "sampleCount" : 100,
    "errorCount" : 0,
    "errorPct" : 0.0,
    "meanResTime" : 3599.52,
    "medianResTime" : 3621.5,
    "minResTime" : 3117.0,
    "maxResTime" : 4002.0,
    "pct1ResTime" : 3806.6,
    "pct2ResTime" : 3886.0499999999997,
    "pct3ResTime" : 4001.4399999999996,
    "throughput" : 12.658227848101266,
    "receivedKBytesPerSec" : 3.4488726265822782,
    "sentKBytesPerSec" : 1.5081091772151898
  },
  "HealthCorps Financials " : {
    "transaction" : "HealthCorps Financials ",
    "sampleCount" : 100,
    "errorCount" : 0,
    "errorPct" : 0.0,
    "meanResTime" : 3617.349999999999,
    "medianResTime" : 3628.0,
    "minResTime" : 3236.0,
    "maxResTime" : 3971.0,
    "pct1ResTime" : 3805.8,
    "pct2ResTime" : 3820.9,
    "pct3ResTime" : 3970.4799999999996,
    "throughput" : 12.251899044351875,
    "receivedKBytesPerSec" : 3.5176350771869638,
    "sentKBytesPerSec" : 1.639170086988483
  },
  "Total" : {
    "transaction" : "Total",
    "sampleCount" : 800,
    "errorCount" : 0,
    "errorPct" : 0.0,
    "meanResTime" : 3871.4950000000013,
    "medianResTime" : 3671.0,
    "minResTime" : 2530.0,
    "maxResTime" : 7644.0,
    "pct1ResTime" : 4427.2,
    "pct2ResTime" : 6110.449999999999,
    "pct3ResTime" : 7261.050000000001,
    "throughput" : 24.523327815584572,
    "receivedKBytesPerSec" : 6.933108791613022,
    "sentKBytesPerSec" : 3.1731845073876523
  },
  "HealthCorps Resources" : {
    "transaction" : "HealthCorps Resources",
    "sampleCount" : 100,
    "errorCount" : 0,
    "errorPct" : 0.0,
    "meanResTime" : 3653.6999999999994,
    "medianResTime" : 3632.0,
    "minResTime" : 3258.0,
    "maxResTime" : 3981.0,
    "pct1ResTime" : 3892.0,
    "pct2ResTime" : 3918.95,
    "pct3ResTime" : 3980.93,
    "throughput" : 11.768859597505001,
    "receivedKBytesPerSec" : 3.367456896551724,
    "sentKBytesPerSec" : 1.563051665293633
  },
  "living labs" : {
    "transaction" : "living labs",
    "sampleCount" : 100,
    "errorCount" : 0,
    "errorPct" : 0.0,
    "meanResTime" : 3595.939999999999,
    "medianResTime" : 3611.5,
    "minResTime" : 3110.0,
    "maxResTime" : 3947.0,
    "pct1ResTime" : 3790.8,
    "pct2ResTime" : 3813.95,
    "pct3ResTime" : 3946.3299999999995,
    "throughput" : 12.20703125,
    "receivedKBytesPerSec" : 3.731250762939453,
    "sentKBytesPerSec" : 1.8596649169921875
  },
  "Show Program Plans" : {
    "transaction" : "Show Program Plans",
    "sampleCount" : 100,
    "errorCount" : 0,
    "errorPct" : 0.0,
    "meanResTime" : 3673.559999999999,
    "medianResTime" : 3684.5,
    "minResTime" : 3263.0,
    "maxResTime" : 4093.0,
    "pct1ResTime" : 3913.5,
    "pct2ResTime" : 3973.85,
    "pct3ResTime" : 4092.89,
    "throughput" : 12.893243940175347,
    "receivedKBytesPerSec" : 3.7017712093862816,
    "sentKBytesPerSec" : 1.7249750193398659
  },
  "Show Donate Now" : {
    "transaction" : "Show Donate Now",
    "sampleCount" : 100,
    "errorCount" : 0,
    "errorPct" : 0.0,
    "meanResTime" : 3671.86,
    "medianResTime" : 3649.0,
    "minResTime" : 3284.0,
    "maxResTime" : 4185.0,
    "pct1ResTime" : 3929.7,
    "pct2ResTime" : 3989.4999999999995,
    "pct3ResTime" : 4183.799999999999,
    "throughput" : 11.916110581506196,
    "receivedKBytesPerSec" : 3.3164956208293614,
    "sentKBytesPerSec" : 1.4895138226882747
  },
  "HealthCorps Home page" : {
    "transaction" : "HealthCorps Home page",
    "sampleCount" : 100,
    "errorCount" : 0,
    "errorPct" : 0.0,
    "meanResTime" : 5609.359999999999,
    "medianResTime" : 5764.5,
    "minResTime" : 3551.0,
    "maxResTime" : 7644.0,
    "pct1ResTime" : 7158.900000000001,
    "pct2ResTime" : 7452.75,
    "pct3ResTime" : 7643.63,
    "throughput" : 12.758356723653993,
    "receivedKBytesPerSec" : 3.413857170196479,
    "sentKBytesPerSec" : 1.4577419303393724
  }
}