{
  "Sign up for Newsletter " : {
    "transaction" : "Sign up for Newsletter ",
    "sampleCount" : 150,
    "errorCount" : 37,
    "errorPct" : 24.666666,
    "meanResTime" : 2080.9866666666644,
    "medianResTime" : 2562.0,
    "minResTime" : 304.0,
    "maxResTime" : 4202.0,
    "pct1ResTime" : 3775.2000000000003,
    "pct2ResTime" : 3926.149999999999,
    "pct3ResTime" : 4159.670000000001,
    "throughput" : 7.165719199350308,
    "receivedKBytesPerSec" : 2.0460554208665744,
    "sentKBytesPerSec" : 0.888717127263173
  },
  "Teens make health happen" : {
    "transaction" : "Teens make health happen",
    "sampleCount" : 150,
    "errorCount" : 104,
    "errorPct" : 69.333336,
    "meanResTime" : 1413.8133333333335,
    "medianResTime" : 323.0,
    "minResTime" : 296.0,
    "maxResTime" : 4206.0,
    "pct1ResTime" : 3996.8,
    "pct2ResTime" : 4067.3999999999996,
    "pct3ResTime" : 4191.21,
    "throughput" : 13.467408870533308,
    "receivedKBytesPerSec" : 4.024966612048842,
    "sentKBytesPerSec" : 1.6045155099658825
  },
  "HealthCorps Financials " : {
    "transaction" : "HealthCorps Financials ",
    "sampleCount" : 150,
    "errorCount" : 85,
    "errorPct" : 56.666668,
    "meanResTime" : 1848.7200000000003,
    "medianResTime" : 337.0,
    "minResTime" : 295.0,
    "maxResTime" : 4306.0,
    "pct1ResTime" : 4051.3,
    "pct2ResTime" : 4123.3,
    "pct3ResTime" : 4269.280000000001,
    "throughput" : 10.285244103126715,
    "receivedKBytesPerSec" : 3.089590904415798,
    "sentKBytesPerSec" : 1.3760531661409765
  },
  "Total" : {
    "transaction" : "Total",
    "sampleCount" : 1200,
    "errorCount" : 564,
    "errorPct" : 47.0,
    "meanResTime" : 2168.237500000001,
    "medianResTime" : 2709.5,
    "minResTime" : 294.0,
    "maxResTime" : 6720.0,
    "pct1ResTime" : 4042.4000000000005,
    "pct2ResTime" : 4553.350000000008,
    "pct3ResTime" : 6236.47,
    "throughput" : 46.10596688054713,
    "receivedKBytesPerSec" : 13.61942045760172,
    "sentKBytesPerSec" : 5.965859972336419
  },
  "HealthCorps Resources" : {
    "transaction" : "HealthCorps Resources",
    "sampleCount" : 150,
    "errorCount" : 57,
    "errorPct" : 38.0,
    "meanResTime" : 2299.16,
    "medianResTime" : 3107.5,
    "minResTime" : 294.0,
    "maxResTime" : 4389.0,
    "pct1ResTime" : 3857.9,
    "pct2ResTime" : 3986.7,
    "pct3ResTime" : 4358.400000000001,
    "throughput" : 7.630869410388157,
    "receivedKBytesPerSec" : 2.2542363248461106,
    "sentKBytesPerSec" : 1.013474843567177
  },
  "living labs" : {
    "transaction" : "living labs",
    "sampleCount" : 150,
    "errorCount" : 70,
    "errorPct" : 46.666668,
    "meanResTime" : 2128.673333333333,
    "medianResTime" : 3233.5,
    "minResTime" : 300.0,
    "maxResTime" : 4142.0,
    "pct1ResTime" : 3987.7,
    "pct2ResTime" : 4031.35,
    "pct3ResTime" : 4136.39,
    "throughput" : 8.55773619351894,
    "receivedKBytesPerSec" : 2.635292460634414,
    "sentKBytesPerSec" : 1.3037176232314014
  },
  "Show Program Plans" : {
    "transaction" : "Show Program Plans",
    "sampleCount" : 150,
    "errorCount" : 118,
    "errorPct" : 78.666664,
    "meanResTime" : 1096.9733333333334,
    "medianResTime" : 322.0,
    "minResTime" : 294.0,
    "maxResTime" : 4273.0,
    "pct1ResTime" : 4026.6,
    "pct2ResTime" : 4143.8,
    "pct3ResTime" : 4252.09,
    "throughput" : 20.09646302250804,
    "receivedKBytesPerSec" : 6.140411475080385,
    "sentKBytesPerSec" : 2.6886869473472665
  },
  "Show Donate Now" : {
    "transaction" : "Show Donate Now",
    "sampleCount" : 150,
    "errorCount" : 43,
    "errorPct" : 28.666666,
    "meanResTime" : 2315.5399999999995,
    "medianResTime" : 2977.0,
    "minResTime" : 301.0,
    "maxResTime" : 4143.0,
    "pct1ResTime" : 3797.1,
    "pct2ResTime" : 3917.249999999999,
    "pct3ResTime" : 4119.540000000001,
    "throughput" : 7.3471786833855806,
    "receivedKBytesPerSec" : 2.112744370224334,
    "sentKBytesPerSec" : 0.9183973354231975
  },
  "HealthCorps Home page" : {
    "transaction" : "HealthCorps Home page",
    "sampleCount" : 150,
    "errorCount" : 50,
    "errorPct" : 33.333332,
    "meanResTime" : 4162.033333333332,
    "medianResTime" : 3395.0,
    "minResTime" : 2097.0,
    "maxResTime" : 6720.0,
    "pct1ResTime" : 6140.2,
    "pct2ResTime" : 6483.8,
    "pct3ResTime" : 6718.47,
    "throughput" : 21.422450728363323,
    "receivedKBytesPerSec" : 6.039011175378463,
    "sentKBytesPerSec" : 2.4476823586118255
  }
}